<?xml version="1.0" encoding="utf-8"?><feed xmlns="http://www.w3.org/2005/Atom" ><generator uri="https://jekyllrb.com/" version="4.0.0">Jekyll</generator><link href="http://localhost:4000/feed.xml" rel="self" type="application/atom+xml" /><link href="http://localhost:4000/" rel="alternate" type="text/html" /><updated>2019-12-18T10:39:17+09:00</updated><id>http://localhost:4000/feed.xml</id><title type="html">My Blog</title><subtitle>Write an awesome description for your new site here. You can edit this line in _config.yml. It will appear in your document head meta (for Google search results) and in your feed.xml site description.</subtitle><author><name>이름</name><email>a@b.c</email></author><entry><title type="html">My Third Post</title><link href="http://localhost:4000/jekyll/update/2019/12/17/my-third-post.html" rel="alternate" type="text/html" title="My Third Post" /><published>2019-12-17T22:27:15+09:00</published><updated>2019-12-17T22:27:15+09:00</updated><id>http://localhost:4000/jekyll/update/2019/12/17/my-third-post</id><content type="html" xml:base="http://localhost:4000/jekyll/update/2019/12/17/my-third-post.html">&lt;h2 id=&quot;이것은-세번째-글의-제목입니다&quot;&gt;이것은 세번째 글의 제목입니다.&lt;/h2&gt;

&lt;h3 id=&quot;이것은-세번째-글의-소제목-입니다&quot;&gt;이것은 세번째 글의 소제목 입니다.&lt;/h3&gt;

&lt;hr /&gt;

&lt;ul&gt;
  &lt;li&gt;이것은 세번째 글의 본문입니다.&lt;/li&gt;
&lt;/ul&gt;</content><author><name>이름</name><email>a@b.c</email></author><summary type="html">이것은 세번째 글의 제목입니다.</summary></entry><entry><title type="html">My Second Post</title><link href="http://localhost:4000/jekyll/update/2019/12/17/my-second-post.html" rel="alternate" type="text/html" title="My Second Post" /><published>2019-12-17T22:06:15+09:00</published><updated>2019-12-17T22:06:15+09:00</updated><id>http://localhost:4000/jekyll/update/2019/12/17/my-second-post</id><content type="html" xml:base="http://localhost:4000/jekyll/update/2019/12/17/my-second-post.html">&lt;p&gt;이렇게 하는게 맞나?&lt;/p&gt;</content><author><name>이름</name><email>a@b.c</email></author><summary type="html">이렇게 하는게 맞나?</summary></entry><entry><title type="html">My First Post</title><link href="http://localhost:4000/jekyll/update/2019/12/17/welcome-to-jekyll.html" rel="alternate" type="text/html" title="My First Post" /><published>2019-12-17T20:10:15+09:00</published><updated>2019-12-17T20:10:15+09:00</updated><id>http://localhost:4000/jekyll/update/2019/12/17/welcome-to-jekyll</id><content type="html" xml:base="http://localhost:4000/jekyll/update/2019/12/17/welcome-to-jekyll.html">&lt;p&gt;You’ll find this post in your &lt;code class=&quot;highlighter-rouge&quot;&gt;_posts&lt;/code&gt; directory. Go ahead and edit it and re-build the site to see your changes. You can rebuild the site in many different ways, but the most common way is to run &lt;code class=&quot;highlighter-rouge&quot;&gt;jekyll serve&lt;/code&gt;, which launches a web server and auto-regenerates your site when a file is updated. 당신은 이 포스트를 &lt;code class=&quot;highlighter-rouge&quot;&gt;_posts&lt;/code&gt;라는 폴더 내에서 찾을 수 있다. 가서 그것을 편집하면 사이트를 스스로 변경할 수 있을 것이다. 당신은 다른 방식으로도 사이트를 변경할 수 있는데, 가장 흔한 방법은 &lt;code class=&quot;highlighter-rouge&quot;&gt;jekyll serve&lt;/code&gt;를 실행해서 웹서버를 런칭한다음 새로고침해보는 것이다.&lt;/p&gt;

&lt;p&gt;Jekyll requires blog post files to be named according to the following format: 지킬은 블로그 포스트 파일이 다음과 같은 포맷을 가지고 이름 붙여져야 한다:&lt;/p&gt;

&lt;p&gt;&lt;code class=&quot;highlighter-rouge&quot;&gt;YEAR-MONTH-DAY-title.MARKUP&lt;/code&gt;&lt;/p&gt;

&lt;p&gt;Where &lt;code class=&quot;highlighter-rouge&quot;&gt;YEAR&lt;/code&gt; is a four-digit number, &lt;code class=&quot;highlighter-rouge&quot;&gt;MONTH&lt;/code&gt; and &lt;code class=&quot;highlighter-rouge&quot;&gt;DAY&lt;/code&gt; are both two-digit numbers, and &lt;code class=&quot;highlighter-rouge&quot;&gt;MARKUP&lt;/code&gt; is the file extension representing the format used in the file. After that, include the necessary front matter. Take a look at the source for this post to get an idea about how it works. &lt;code class=&quot;highlighter-rouge&quot;&gt;YEAR&lt;/code&gt;은 4자리 숫자이고 &lt;code class=&quot;highlighter-rouge&quot;&gt;MONTH&lt;/code&gt;와 &lt;code class=&quot;highlighter-rouge&quot;&gt;DAY&lt;/code&gt;는 두자리 숫자여야 하며 &lt;code class=&quot;highlighter-rouge&quot;&gt;MARKUP&lt;/code&gt;은 파일 확장자여야 한다. 그 다음에 필요한 프론트매터를 포함할 수 있다.&lt;/p&gt;

&lt;p&gt;Jekyll also offers powerful support for code snippets:&lt;/p&gt;

&lt;figure class=&quot;highlight&quot;&gt;&lt;pre&gt;&lt;code class=&quot;language-ruby&quot; data-lang=&quot;ruby&quot;&gt;&lt;span class=&quot;k&quot;&gt;def&lt;/span&gt; &lt;span class=&quot;nf&quot;&gt;print_hi&lt;/span&gt;&lt;span class=&quot;p&quot;&gt;(&lt;/span&gt;&lt;span class=&quot;nb&quot;&gt;name&lt;/span&gt;&lt;span class=&quot;p&quot;&gt;)&lt;/span&gt;
  &lt;span class=&quot;nb&quot;&gt;puts&lt;/span&gt; &lt;span class=&quot;s2&quot;&gt;&quot;Hi, &lt;/span&gt;&lt;span class=&quot;si&quot;&gt;#{&lt;/span&gt;&lt;span class=&quot;nb&quot;&gt;name&lt;/span&gt;&lt;span class=&quot;si&quot;&gt;}&lt;/span&gt;&lt;span class=&quot;s2&quot;&gt;&quot;&lt;/span&gt;
&lt;span class=&quot;k&quot;&gt;end&lt;/span&gt;
&lt;span class=&quot;n&quot;&gt;print_hi&lt;/span&gt;&lt;span class=&quot;p&quot;&gt;(&lt;/span&gt;&lt;span class=&quot;s1&quot;&gt;'Tom'&lt;/span&gt;&lt;span class=&quot;p&quot;&gt;)&lt;/span&gt;
&lt;span class=&quot;c1&quot;&gt;#=&amp;gt; prints 'Hi, Tom' to STDOUT.&lt;/span&gt;&lt;/code&gt;&lt;/pre&gt;&lt;/figure&gt;

&lt;p&gt;Check out the &lt;a href=&quot;https://jekyllrb.com/docs/home&quot;&gt;Jekyll docs&lt;/a&gt; for more info on how to get the most out of Jekyll. File all bugs/feature requests at &lt;a href=&quot;https://github.com/jekyll/jekyll&quot;&gt;Jekyll’s GitHub repo&lt;/a&gt;. If you have questions, you can ask them on &lt;a href=&quot;https://talk.jekyllrb.com/&quot;&gt;Jekyll Talk&lt;/a&gt;.&lt;/p&gt;</content><author><name>이름</name><email>a@b.c</email></author><summary type="html">You’ll find this post in your _posts directory. Go ahead and edit it and re-build the site to see your changes. You can rebuild the site in many different ways, but the most common way is to run jekyll serve, which launches a web server and auto-regenerates your site when a file is updated. 당신은 이 포스트를 _posts라는 폴더 내에서 찾을 수 있다. 가서 그것을 편집하면 사이트를 스스로 변경할 수 있을 것이다. 당신은 다른 방식으로도 사이트를 변경할 수 있는데, 가장 흔한 방법은 jekyll serve를 실행해서 웹서버를 런칭한다음 새로고침해보는 것이다. Jekyll requires blog post files to be named according to the following format: 지킬은 블로그 포스트 파일이 다음과 같은 포맷을 가지고 이름 붙여져야 한다: YEAR-MONTH-DAY-title.MARKUP Where YEAR is a four-digit number, MONTH and DAY are both two-digit numbers, and MARKUP is the file extension representing the format used in the file. After that, include the necessary front matter. Take a look at the source for this post to get an idea about how it works. YEAR은 4자리 숫자이고 MONTH와 DAY는 두자리 숫자여야 하며 MARKUP은 파일 확장자여야 한다. 그 다음에 필요한 프론트매터를 포함할 수 있다. Jekyll also offers powerful support for code snippets: def print_hi(name) puts &quot;Hi, #{name}&quot; end print_hi('Tom') #=&amp;gt; prints 'Hi, Tom' to STDOUT. Check out the Jekyll docs for more info on how to get the most out of Jekyll. File all bugs/feature requests at Jekyll’s GitHub repo. If you have questions, you can ask them on Jekyll Talk.</summary></entry></feed>